Age range,f,Relative frequency,Acumulative relative frecuency,Acumulative relative frecuency in percentage
(3-5),2359716,0.179099298,0.179099298,18%
(6-11),577029,0.043795732,0.22289503,22%
(12-14),618233,0.04692306,0.269818091,27%
(15-17),4726359,0.358724347,0.628542437,63%
(18-24),4894125,0.371457563,1,100%
,13175462,1,,
